{
	"csharp": [
		{
			"appId": "com_openf2_examples_csharp_helloworld",
			"manifestUrl": "../apps/CSharp/Apps/HelloWorld",
			"name": "Hello World (C#)"
		}
	],

	"js": [
		{
			"appId": "com_openf2_examples_javascript_chart",
			"height": 300,
			"minGridSize": 6,
			"isSecure": false,
			"manifestUrl": "../apps/JavaScript/Chart/manifest.js",
			"name": "Price Movement Chart"
		},
		{
			"appId": "com_openf2_examples_javascript_quote",
			"manifestUrl": "../apps/JavaScript/Quote/manifest.js",
			"name": "Quote",
			"views": ["home", "settings", "about"],
			"minGridSize": 4,
			"localeSupport": ["en-us", "en-gb"]
		},
		{
			"appId": "com_openf2_examples_javascript_watchlist",
			"manifestUrl": "../apps/JavaScript/Watchlist/manifest.js",
			"name": "Watchlist",
			"minGridSize": 4
		},
		{
			"appId": "com_openf2_examples_javascript_cds",
			"manifestUrl": "../apps/JavaScript/CDS/manifest.js",
			"name": "CDS Sovereign Big Movers",
			"minGridSize": 5
		},
		{
			"appId": "com_openf2_examples_javascript_compareTool",
			"manifestUrl": "../apps/JavaScript/CompareTool/manifest.js",
			"name": "Compare Tool",
			"minGridSize": 12
		},
		{
			"appId": "com_openf2_examples_javascript_helloworld",
			"manifestUrl": "../apps/JavaScript/HelloWorld/manifest.js",
			"name": "Hello World (JS)"
		},
		{
			"appId": "com_openf2_examples_javascript_helloworldlocale",
			"manifestUrl": "../apps/JavaScript/HelloWorldLocale/manifest.js",
			"name": "Hello World Locale (JS)",
			"minGridSize": 5,
			"localeSupport": ["en-us", "en-gb"]
		}
	],

	"php": [
		{
			"appId": "com_openf2_examples_php_f2wits",
			"height": 200,
			"minGridSize": 6,
			"manifestUrl": "../apps/PHP/F2wits/manifest.js",
			"name": "F2wits",
			"views": ["home", "about"]
		},
		{
			"appId": "com_openf2_examples_php_news",
			"manifestUrl": "../apps/PHP/News/news.php",
			"name": "Stock News",
			"views": ["home", "settings"],
			"minGridSize": 6
		},
		{
			"appId": "com_openf2_examples_php_marketnews",
			"manifestUrl": "../apps/PHP/MarketNews/marketnews.php",
			"name": "Market News",
			"minGridSize": 6
		},
		{
			"appId": "com_openf2_examples_php_helloworld",
			"manifestUrl": "../apps/PHP/HelloWorld/helloworld.php",
			"name": "Hello World (PHP)"
		}
	]
}
